{
  "evaluated_at": "2025-12-16T02:50:22.826390",
  "model_version": "1.0.0",
  "n_samples": 22142,
  "threshold": 0.6453083753585815,
  "metrics": {
    "auprc": 0.39521095927395405,
    "precision": 0.47530864197530864,
    "recall": 0.3260984647961885,
    "false_positive_rate": 0.03357527279909149,
    "precision_at_1pct": 0.8009049773755657,
    "precision_at_5pct": 0.5158084914182475
  },
  "confusion_matrix": {
    "true_negative": 19573,
    "false_positive": 680,
    "false_negative": 1273,
    "true_positive": 616
  }
}